order_id,order_date,region,channel,customer_tier,customer_id,sales_rep,product_category,product_name,quantity,unit_price,gross_revenue,discount_pct,discount_amount,shipping_cost,net_revenue,cost_of_goods,profit,payment_method,promo_code,status,tax_rate,tax_amount,order_total
O10079,2024-01-02,LATAM,Marketplace,SMB,C1081,S. Johnson,Services,Premium Support,1,140.4,140.4,0.0,0.0,8.72,140.4,28.98,102.7,Invoice,NONE,Delivered,0.15,21.06,170.18
O10036,2024-01-02,LATAM,Marketplace,Mid-Market,C1198,S. Johnson,Accessories,USB-C Hub,1,41.29,41.29,0.01,0.41,14.72,40.88,22.62,3.54,PayPal,SPRING15,Refunded,0.15,6.13,61.73
O10204,2024-01-05,North America,Online,SMB,C1103,S. Johnson,Software,Project Tracker,1,345.61,345.61,0.0,0.0,27.6,345.61,87.15,230.86,Wire Transfer,NONE,Delivered,0.07,24.19,397.4
O10085,2024-01-09,Europe,Retail,SMB,C1140,A. Patel,Software,Project Tracker,1,334.26,334.26,0.03,10.03,9.65,324.23,86.98,227.6,Wire Transfer,BULK10,Delivered,0.2,64.85,398.73
O10139,2024-01-17,Europe,Partner,Mid-Market,C1012,A. Patel,Software,CRM Starter,4,483.62,1934.48,0.04,77.38,15.07,1857.1,404.1,1437.93,Credit Card,BULK10,Delivered,0.2,371.42,2243.59
O10163,2024-01-18,Europe,Online,Enterprise,C1105,L. Brown,Hardware,Webcam HD,2,489.44,978.88,0.06,58.73,26.19,920.15,677.47,216.49,Credit Card,BULK10,Refunded,0.2,184.03,1130.37
O10182,2024-01-20,Europe,Online,SMB,C1181,S. Johnson,Accessories,USB-C Hub,3,39.46,118.38,0.0,0.0,22.29,118.38,60.26,35.83,Credit Card,NONE,Delivered,0.2,23.68,164.35
O10120,2024-01-22,LATAM,Retail,Mid-Market,C1165,L. Brown,Hardware,Portable SSD,1,120.04,120.04,0.07,8.4,17.31,111.64,82.59,11.74,Credit Card,BULK10,Delivered,0.15,16.75,145.7
O10252,2024-01-23,North America,Marketplace,SMB,C1088,A. Patel,Hardware,Docking Station,4,123.11,492.44,0.03,14.77,13.95,477.67,310.69,153.03,Credit Card,BULK10,Delivered,0.07,33.44,525.06
O10127,2024-01-27,North America,Online,SMB,C1063,S. Johnson,Hardware,Portable SSD,1,107.14,107.14,0.0,0.0,25.71,107.14,64.2,17.23,Wire Transfer,NONE,Delivered,0.07,7.5,140.35
O10001,2024-01-28,APAC,Retail,Mid-Market,C1011,A. Patel,Accessories,Keyboard,2,79.12,158.24,0.0,0.0,30.66,158.24,76.09,51.49,Credit Card,NONE,Delivered,0.1,15.82,204.72
O10116,2024-02-02,Europe,Retail,SMB,C1175,J. Chen,Accessories,Keyboard,6,75.33,451.98,0.08,36.16,18.74,415.82,219.72,177.36,PayPal,Q1SAVE,Delivered,0.2,83.16,517.72
O10181,2024-02-05,Europe,Marketplace,SMB,C1198,R. Khan,Services,Training Pack,1,458.94,458.94,0.02,9.18,4.57,449.76,195.45,249.74,Wire Transfer,SPRING15,Delivered,0.2,89.95,544.28
O10148,2024-02-06,Europe,Online,Mid-Market,C1092,M. Garcia,Services,Training Pack,4,508.41,2033.64,,0.0,3.0,2033.64,821.9,1208.74,Credit Card,NONE,Delivered,0.2,406.73,2443.37
O10083,2024-02-06,North America,Online,Mid-Market,C1115,M. Garcia,Hardware,"Monitor 27""",1,430.92,430.92,0.03,12.93,28.65,417.99,303.33,86.01,Invoice,SPRING15,Delivered,0.07,29.26,475.9
O10121,2024-02-07,Europe,Online,Mid-Market,C1106,M. Garcia,Software,CRM Starter,8,459.69,3677.52,0.0,0.0,16.7,3677.52,744.21,2916.61,Credit Card,NONE,Delivered,0.2,735.5,4429.72
O10175,2024-02-08,North America,Partner,SMB,C1191,R. Khan,Accessories,Keyboard,1,72.07,72.07,0.0,0.0,24.58,72.07,35.42,12.07,Invoice,NONE,Delivered,0.07,5.04,101.69
O10144,2024-02-15,North America,Retail,Mid-Market,C1083,S. Johnson,Hardware,Docking Station,6,154.41,926.46,0.05,46.32,21.62,880.14,572.48,286.04,,LOYAL5,Delivered,0.07,61.61,963.37
O10208,2024-02-16,North America,Online,SMB,C1150,S. Johnson,Services,Premium Support,4,153.09,612.36,0.0,0.0,4.14,612.36,120.01,488.21,PayPal,NONE,Delivered,0.07,42.87,659.37
O10240,2024-02-16,Europe,Online,SMB,C1121,A. Patel,Software,Project Tracker,2,355.75,711.5,0.0,0.0,16.53,711.5,183.24,511.73,Wire Transfer,NONE,Delivered,0.2,142.3,870.33
O10137,2024-02-18,North America,Partner,SMB,C1041,A. Patel,Software,Analytics Pro,1,285.88,285.88,0.02,5.72,26.65,280.16,75.85,177.66,Invoice,SPRING15,Delivered,0.07,19.61,326.42
O10190,2024-02-20,Europe,Online,Mid-Market,C1085,R. Khan,Software,Security Suite,1,168.16,168.16,0.0,0.0,25.36,168.16,23.2,119.6,Credit Card,NONE,Delivered,0.2,33.63,227.15
O10202,2024-02-22,North America,Marketplace,SMB,C1147,L. Brown,Accessories,Wireless Mouse,5,61.34,306.7,0.05,15.34,11.09,291.36,165.24,115.03,Credit Card,BULK10,Delivered,0.07,20.4,322.85
O10043,2024-02-22,Europe,Online,Mid-Market,C1141,J. Chen,Software,Security Suite,5,175.56,877.8,0.0,0.0,24.44,877.8,115.71,737.65,Credit Card,NONE,Delivered,0.2,175.56,1077.8
O10199,2024-02-23,North America,Partner,Mid-Market,C1133,J. Chen,Services,Training Pack,1,409.44,409.44,0.07,28.66,3.0,380.78,165.48,212.3,Wire Transfer,LOYAL5,Delivered,0.07,26.65,410.43
O10092,2024-02-23,LATAM,Retail,SMB,C1071,J. Chen,Services,Premium Support,1,129.96,129.96,0.06,7.8,3.0,122.16,25.47,93.69,Credit Card,Q1SAVE,Delivered,0.15,18.32,143.48
O10214,2024-02-27,North America,Online,Mid-Market,C1111,M. Garcia,Accessories,Wireless Mouse,3,69.41,208.23,0.0,0.0,20.53,208.23,109.82,77.88,Credit Card,NONE,Delivered,0.07,14.58,243.34
O10220,2024-02-27,North America,Marketplace,Enterprise,C1127,L. Brown,Services,Premium Support,2,140.64,281.28,0.14,39.38,15.31,241.9,50.43,176.16,Invoice,BULK10,Delivered,0.07,16.93,274.14
O10239,2024-03-09,APAC,Online,Mid-Market,C1196,L. Brown,Accessories,Keyboard,2,79.74,159.48,,0.0,30.23,159.48,69.95,59.3,Credit Card,NONE,Delivered,0.1,15.95,205.66
O10233,2024-03-16,North America,Retail,SMB,C1109,R. Khan,Accessories,Laptop Sleeve,3,53.08,159.24,0.02,3.18,27.38,156.06,75.48,53.2,Invoice,BULK10,Delivered,0.07,10.92,194.36
O10034,2024-03-21,Europe,Retail,SMB,C1023,A. Patel,Hardware,Portable SSD,4,102.52,410.08,0.04,16.4,7.1,393.68,291.25,95.33,,,Delivered,0.2,78.74,479.52
O10236,2024-03-26,APAC,Retail,SMB,C1035,L. Brown,Accessories,Laptop Sleeve,1,46.92,46.92,0.03,1.41,8.3,45.51,22.01,15.2,Wire Transfer,SPRING15,Delivered,0.1,4.55,58.36
O10188,2024-04-01,LATAM,Online,Mid-Market,C1094,L. Brown,Software,Project Tracker,2,348.56,697.12,0.05,34.86,12.37,662.26,177.66,472.23,Invoice,Q1SAVE,Delivered,0.15,99.34,773.97
O10241,2024-04-03,Europe,Online,Mid-Market,C1109,M. Garcia,Accessories,USB-C Hub,1,46.56,46.56,0.14,6.52,18.48,40.04,22.15,-0.59,Credit Card,LOYAL5,Delivered,0.2,8.01,66.53
O10222,2024-04-05,APAC,Partner,SMB,C1193,L. Brown,Software,Security Suite,1,156.12,156.12,0.04,6.24,15.23,149.88,22.97,111.68,PayPal,Q1SAVE,Delivered,0.1,14.99,180.1
O10103,2024-04-08,APAC,Online,SMB,C1126,L. Brown,Hardware,"Monitor 27""",2,340.8,681.6,0.0,0.0,18.15,681.6,489.68,173.77,Credit Card,NONE,Delivered,0.1,68.16,767.91
O10155,2024-04-08,North America,Online,SMB,C1150,A. Patel,Software,Project Tracker,1,340.9,340.9,0.06,20.45,20.18,320.45,85.97,214.3,Credit Card,BULK10,Delivered,0.07,22.43,363.06
O10087,2024-04-08,APAC,Marketplace,SMB,C1142,R. Khan,Services,Extended Warranty,0,0.0,0.0,,0.0,0.0,0.0,0.0,0.0,,NONE,Cancelled,0.1,0.0,0.0
O10147,2024-04-08,North America,Partner,Mid-Market,C1087,L. Brown,Services,Training Pack,6,486.46,2918.76,0.0,0.0,6.13,2918.76,1217.67,1694.96,PayPal,NONE,Delivered,0.07,204.31,3129.2
O10254,2024-04-09,North America,Online,Mid-Market,C1006,L. Brown,Hardware,Webcam HD,1,514.79,514.79,0.0,0.0,9.9,514.79,333.54,171.35,Invoice,NONE,Delivered,0.07,36.04,560.73
O10205,2024-04-12,LATAM,Online,SMB,C1192,S. Johnson,Software,CRM Starter,4,398.23,1592.92,0.03,47.79,21.54,1545.13,336.22,1187.37,Credit Card,Q1SAVE,Delivered,0.15,231.77,1798.44
O10097,2024-04-13,Europe,Retail,SMB,C1106,A. Patel,Software,CRM Starter,5,506.98,2534.9,0.0,0.0,16.41,2534.9,540.56,1977.93,Credit Card,NONE,Delivered,0.2,506.98,3058.29
O10171,2024-04-13,Europe,Retail,SMB,C1121,J. Chen,Software,Project Tracker,2,331.01,662.02,0.0,0.0,20.88,662.02,177.6,463.54,Invoice,BULK10,Delivered,0.2,132.4,815.3
O10211,2024-04-15,North America,Marketplace,SMB,C1029,L. Brown,Accessories,USB-C Hub,1,41.32,41.32,0.0,0.0,13.58,41.32,22.4,5.34,Credit Card,NONE,Delivered,0.07,2.89,57.79
O10100,2024-04-21,Europe,Online,SMB,C1159,S. Johnson,Services,Installation,4,682.56,2730.24,0.05,136.51,3.0,2593.73,812.68,1778.05,Credit Card,BULK10,Delivered,0.2,518.75,3115.48
O10035,2024-04-22,APAC,Online,SMB,C1097,J. Chen,Hardware,"Monitor 27""",2,437.22,874.44,0.06,52.47,29.91,821.97,596.49,195.57,Credit Card,BULK10,Delivered,0.1,82.2,934.08
O10025,2024-04-22,APAC,Retail,SMB,C1108,A. Patel,Hardware,"Monitor 27""",2,473.91,947.82,0.0,0.0,23.05,947.82,653.43,271.34,Wire Transfer,NONE,Delivered,0.1,94.78,1065.65
O10033,2024-04-22,APAC,Retail,Enterprise,C1028,M. Garcia,Hardware,Portable SSD,6,105.47,632.82,0.11,69.61,16.07,563.21,416.67,130.47,Credit Card,BULK10,Delivered,0.1,56.32,635.6
O10156,2024-04-25,APAC,Partner,SMB,C1014,M. Garcia,Software,Project Tracker,4,331.48,1325.92,0.0,0.0,14.78,1325.92,330.8,980.34,Wire Transfer,NONE,Delivered,0.1,132.59,1473.29
O10217,2024-04-26,North America,Online,SMB,C1100,A. Patel,Services,Training Pack,2,445.13,890.26,0.12,106.83,3.84,783.43,340.46,439.13,Credit Card,Q1SAVE,Delivered,0.07,54.84,842.11
O10223,2024-04-27,APAC,Online,SMB,C1088,R. Khan,Hardware,Docking Station,1,151.88,151.88,0.0,0.0,27.18,151.88,93.85,30.85,Invoice,NONE,Delivered,0.1,15.19,194.25
O10093,2024-04-29,Europe,Marketplace,SMB,C1013,L. Brown,Accessories,Laptop Sleeve,2,50.98,101.96,0.0,0.0,23.04,101.96,42.41,36.51,Invoice,NONE,Delivered,0.2,20.39,145.39
O10212,2024-04-29,Europe,Online,Enterprise,C1167,S. Johnson,Software,CRM Starter,2,432.08,864.16,0.16,138.27,19.92,725.89,157.95,548.02,,BULK10,Delivered,0.2,145.18,890.99
O10049,2024-05-02,APAC,Marketplace,SMB,C1045,J. Chen,Software,Project Tracker,2,364.19,728.38,0.0,0.0,19.03,728.38,168.04,541.31,Credit Card,NONE,Delivered,0.1,72.84,820.25
O10058,2024-05-03,North America,Retail,SMB,C1052,S. Johnson,Software,Security Suite,3,173.84,521.52,0.05,26.08,22.55,495.44,75.94,396.95,Invoice,BULK10,Delivered,0.07,34.68,552.67
O10193,2024-05-04,LATAM,Retail,Enterprise,C1076,S. Johnson,Services,Extended Warranty,2,703.36,1406.72,0.09,126.6,4.16,1280.12,394.72,881.24,Invoice,Q1SAVE,Delivered,0.15,192.02,1476.3
O10218,2024-05-06,North America,Partner,SMB,C1149,A. Patel,Hardware,Docking Station,1,110.51,110.51,0.0,0.0,3.0,110.51,69.0,38.51,Credit Card,NONE,Delivered,0.07,7.74,121.25
O10162,2024-05-07,Europe,Online,SMB,C1186,J. Chen,Accessories,USB-C Hub,2,40.62,81.24,0.06,4.87,17.36,76.37,42.25,16.76,PayPal,Q1SAVE,Delivered,0.2,15.27,109.0
O10042,2024-05-09,LATAM,Online,SMB,C1012,M. Garcia,Hardware,Portable SSD,2,111.28,222.56,0.02,4.45,32.3,218.11,161.36,24.45,Wire Transfer,LOYAL5,Delivered,0.15,32.72,283.13
O10089,2024-05-10,North America,Partner,SMB,C1152,M. Garcia,Hardware,Portable SSD,2,105.57,211.14,,0.0,28.19,211.14,145.27,37.68,Invoice,NONE,Delivered,0.07,14.78,254.11
O10113,2024-05-14,North America,Partner,Enterprise,C1109,J. Chen,Accessories,Wireless Mouse,2,71.73,143.46,0.07,10.04,23.6,133.42,75.67,34.15,Invoice,SPRING15,Delivered,0.07,9.34,166.36
O10187,2024-05-22,North America,Partner,SMB,C1182,R. Khan,Accessories,Keyboard,5,78.32,391.6,0.13,50.91,19.53,340.69,180.02,141.14,Invoice,Q1SAVE,Delivered,0.07,23.85,384.07
O10076,2024-05-23,Europe,Partner,SMB,C1171,S. Johnson,Software,Security Suite,1,161.97,161.97,0.05,8.1,13.65,153.87,23.58,116.64,Credit Card,SPRING15,Delivered,0.2,30.77,198.29
O10055,2024-05-23,APAC,Partner,SMB,C1079,M. Garcia,Software,CRM Starter,1,405.63,405.63,0.09,36.51,26.51,369.12,80.32,262.29,Credit Card,Q1SAVE,Delivered,0.1,36.91,432.54
O10066,2024-05-26,North America,Retail,Enterprise,C1146,R. Khan,Hardware,"Monitor 27""",2,515.0,1030.0,0.12,123.6,17.78,906.4,657.76,230.86,PayPal,SPRING15,Delivered,0.07,63.45,987.63
O10067,2024-05-27,North America,Partner,SMB,C1101,J. Chen,Software,Project Tracker,3,391.01,1173.03,0.07,82.11,6.71,1090.92,292.66,791.55,Credit Card,SPRING15,Delivered,0.07,76.36,1173.99
O10194,2024-05-29,North America,Online,SMB,C1165,R. Khan,Software,CRM Starter,1,413.71,413.71,0.0,0.0,9.83,413.71,83.72,320.16,Invoice,NONE,Delivered,0.07,28.96,452.5
O10072,2024-05-30,North America,Retail,SMB,C1136,L. Brown,Hardware,Webcam HD,1,513.81,513.81,0.13,66.8,12.24,447.01,329.11,105.66,PayPal,Q1SAVE,Delivered,0.07,31.29,490.54
O10091,2024-05-31,North America,Online,SMB,C1094,M. Garcia,Software,Analytics Pro,1,295.51,295.51,0.07,20.69,19.27,274.82,74.41,181.14,Invoice,BULK10,Delivered,0.07,19.24,313.33
O10104,2024-06-01,Europe,Online,SMB,C1166,S. Johnson,Accessories,Wireless Mouse,3,64.98,194.94,0.03,5.85,29.08,189.09,107.24,52.77,Credit Card,BULK10,Delivered,0.2,37.82,255.99
O10234,2024-06-02,North America,Marketplace,SMB,C1051,J. Chen,Software,CRM Starter,1,517.15,517.15,0.04,20.69,19.24,496.46,108.03,369.19,PayPal,Q1SAVE,Delivered,0.07,34.75,550.45
O10168,2024-06-03,North America,Online,SMB,C1108,L. Brown,Software,Security Suite,1,159.67,159.67,0.08,12.77,28.11,146.9,22.52,96.27,PayPal,BULK10,Delivered,0.07,10.28,185.29
O10142,2024-06-06,LATAM,Online,Mid-Market,C1078,A. Patel,Software,Security Suite,2,182.89,365.78,0.05,18.29,19.26,347.49,53.26,274.97,Invoice,Q1SAVE,Delivered,0.15,52.12,418.87
O10084,2024-06-08,APAC,Online,Mid-Market,C1132,J. Chen,Software,Analytics Pro,2,281.4,562.8,0.0,0.0,20.93,562.8,129.52,412.35,PayPal,NONE,Delivered,0.1,56.28,640.01
O10107,2024-06-09,North America,Online,Mid-Market,C1161,J. Chen,Hardware,Webcam HD,4,446.88,1787.52,0.05,89.38,10.56,1698.14,1250.27,437.31,Wire Transfer,SPRING15,Delivered,0.07,118.87,1827.57
O10159,2024-06-09,APAC,Marketplace,SMB,C1018,S. Johnson,Accessories,USB-C Hub,1,39.71,39.71,0.0,0.0,14.96,39.71,20.21,4.54,Credit Card,NONE,Delivered,0.1,3.97,58.64
O10106,2024-06-11,APAC,Online,Mid-Market,C1109,A. Patel,Hardware,"Monitor 27""",2,423.69,847.38,0.12,101.69,18.19,745.69,541.14,186.36,Credit Card,BULK10,Delivered,0.1,74.57,838.45
O10140,2024-06-20,North America,Retail,SMB,C1064,Unassigned,Hardware,"Monitor 27""",1,358.83,358.83,0.08,28.71,11.04,330.12,239.56,79.52,Invoice,Q1SAVE,Delivered,0.07,23.11,364.27
O10174,2024-06-24,APAC,Marketplace,Enterprise,C1198,M. Garcia,Software,Security Suite,1,204.43,204.43,0.0,0.0,23.87,204.43,30.08,150.48,Wire Transfer,NONE,Delivered,0.1,20.44,248.74
O10255,2024-06-28,North America,Online,Mid-Market,C1089,A. Patel,Accessories,Laptop Sleeve,3,51.78,155.34,0.0,0.0,26.61,155.34,70.63,58.1,Invoice,NONE,Delivered,0.07,10.87,192.82
O10153,2024-06-29,APAC,Partner,SMB,C1029,J. Chen,Hardware,Webcam HD,1,552.45,552.45,0.03,16.57,16.86,535.88,394.55,124.47,Invoice,Q1SAVE,Delivered,0.1,53.59,606.33
O10048,2024-07-02,LATAM,Retail,SMB,C1012,L. Brown,Accessories,Laptop Sleeve,1,50.17,50.17,0.0,0.0,23.74,50.17,22.57,3.86,Credit Card,NONE,Delivered,0.15,7.53,81.44
O10059,2024-07-05,North America,Online,SMB,C1158,M. Garcia,Hardware,"Monitor 27""",1,469.29,469.29,0.13,61.01,18.27,408.28,296.28,93.73,Wire Transfer,BULK10,Delivered,0.07,28.58,455.13
O10229,2024-07-07,APAC,Retail,Mid-Market,C1018,L. Brown,Accessories,USB-C Hub,1,38.32,38.32,0.03,1.15,25.96,37.17,20.57,-9.36,Invoice,BULK10,Delivered,0.1,3.72,66.85
O10192,2024-07-08,APAC,Retail,Enterprise,C1081,M. Garcia,Software,Analytics Pro,1,229.9,229.9,0.0,0.0,23.7,229.9,62.25,143.95,Invoice,NONE,Delivered,0.1,22.99,276.59
O10009,2024-07-08,APAC,Online,SMB,C1133,R. Khan,Services,Extended Warranty,2,546.68,1093.36,0.0,0.0,3.0,1093.36,313.54,776.82,Credit Card,NONE,Delivered,0.1,109.34,1205.7
O10157,2024-07-09,Europe,Partner,Mid-Market,C1079,R. Khan,Accessories,Wireless Mouse,1,66.8,66.8,0.0,0.0,20.54,66.8,35.61,10.65,Credit Card,NONE,Delivered,0.2,13.36,100.7
O10136,2024-07-10,Europe,Marketplace,SMB,C1144,S. Johnson,Software,Analytics Pro,4,234.35,937.4,0.17,159.36,10.63,778.04,210.66,556.75,Invoice,SPRING15,Delivered,0.2,155.61,944.28
O10114,2024-07-13,North America,Partner,SMB,C1188,A. Patel,Hardware,"Monitor 27""",6,363.08,2178.48,0.05,108.92,6.62,2069.56,1501.86,561.08,Wire Transfer,SPRING15,Delivered,0.07,144.87,2221.05
O10206,2024-07-14,North America,Marketplace,Mid-Market,C1030,A. Patel,Services,Extended Warranty,2,595.16,1190.32,0.0,0.0,11.53,1190.32,341.34,837.45,Credit Card,NONE,Delivered,0.07,83.32,1285.17
O10053,2024-07-16,Europe,Retail,Mid-Market,C1092,L. Brown,Services,Training Pack,6,397.15,2382.9,0.0,0.0,12.02,2382.9,994.11,1376.77,Credit Card,NONE,Delivered,0.2,476.58,2871.5
O10057,2024-07-19,North America,Marketplace,Mid-Market,C1131,S. Johnson,Hardware,Portable SSD,1,112.82,112.82,0.1,11.28,30.68,101.54,75.12,-4.26,Credit Card,BULK10,Delivered,0.07,7.11,139.33
O10047,2024-07-21,Europe,Partner,SMB,C1196,R. Khan,Hardware,Docking Station,5,147.29,736.45,0.1,73.65,18.73,662.8,431.11,212.96,Credit Card,SPRING15,Delivered,0.2,132.56,814.09
O10243,2024-07-22,APAC,Marketplace,Mid-Market,C1113,S. Johnson,Services,Extended Warranty,1,618.41,618.41,0.12,74.21,3.0,544.2,167.8,373.4,,LOYAL5,Delivered,0.1,54.42,601.62
O10088,2024-07-26,APAC,Marketplace,SMB,C1194,A. Patel,Services,Installation,3,712.37,2137.11,0.06,128.23,5.12,2008.88,629.43,1374.33,Invoice,SPRING15,Delivered,0.1,200.89,2214.89
O10244,2024-08-05,APAC,Online,SMB,C1027,L. Brown,Hardware,Webcam HD,2,479.58,959.16,0.0,0.0,16.75,959.16,663.82,278.59,Invoice,NONE,Delivered,0.1,95.92,1071.83
O10141,2024-08-07,APAC,Online,SMB,C1015,S. Johnson,Services,Extended Warranty,3,618.92,1856.76,0.0,0.0,10.14,1856.76,503.83,1342.79,Credit Card,NONE,Delivered,0.1,185.68,2052.58
O10238,2024-08-07,North America,Marketplace,SMB,C1097,L. Brown,Services,Installation,1,593.53,593.53,0.0,0.0,4.15,593.53,165.51,423.87,Credit Card,NONE,Delivered,0.07,41.55,639.23
O10037,2024-08-07,LATAM,Online,Mid-Market,C1054,S. Johnson,Services,Training Pack,4,485.64,1942.56,0.15,291.38,7.03,1651.18,717.55,926.6,PayPal,LOYAL5,Delivered,0.15,247.68,1905.89
O10256,2024-08-10,LATAM,Online,Enterprise,C1086,A. Patel,Accessories,Wireless Mouse,2,66.83,133.66,0.0,0.0,19.25,133.66,66.71,47.7,Credit Card,NONE,Delivered,0.15,20.05,172.96
O10039,2024-08-12,North America,Marketplace,Enterprise,C1061,R. Khan,Services,Installation,1,708.85,708.85,0.0,0.0,10.35,708.85,197.67,500.83,Wire Transfer,NONE,Delivered,0.07,49.62,768.82
O10010,2024-08-12,Europe,Retail,Enterprise,C1097,A. Patel,Accessories,USB-C Hub,2,36.67,73.34,0.15,11.0,16.02,62.34,34.49,11.83,Invoice,BULK10,Delivered,0.2,12.47,90.83
O10019,2024-08-12,Europe,Online,Enterprise,C1151,R. Khan,Services,Training Pack,1,474.43,474.43,0.18,85.4,5.85,389.03,169.06,214.12,Credit Card,BULK10,Refunded,0.2,77.81,472.69
O10128,2024-08-13,LATAM,Online,Enterprise,C1051,R. Khan,Hardware,Docking Station,2,166.56,333.12,0.0,0.0,13.25,333.12,197.17,122.7,Wire Transfer,NONE,Delivered,0.15,49.97,396.34
O10099,2024-08-14,North America,Retail,SMB,C1134,J. Chen,Accessories,Laptop Sleeve,4,43.62,174.48,0.0,0.0,14.75,174.48,78.48,81.25,,NONE,Delivered,0.07,12.21,201.44
O10122,2024-08-17,North America,Online,Mid-Market,C1099,M. Garcia,Accessories,Wireless Mouse,2,64.76,129.52,0.05,6.48,21.7,123.04,69.78,31.56,Credit Card,Q1SAVE,Delivered,0.07,8.61,153.35
O10008,2024-08-18,LATAM,Online,Enterprise,C1007,A. Patel,Accessories,Laptop Sleeve,6,59.1,354.6,0.05,17.73,12.63,336.87,162.93,161.31,Wire Transfer,Q1SAVE,Delivered,0.15,50.53,400.03
O10024,2024-08-20,LATAM,Retail,Mid-Market,C1134,L. Brown,Hardware,Webcam HD,1,471.05,471.05,0.01,4.71,29.74,466.34,343.35,93.25,Credit Card,LOYAL5,Delivered,0.15,69.95,566.03
O10086,2024-08-20,Europe,Marketplace,SMB,C1144,A. Patel,Hardware,"Monitor 27""",1,415.66,415.66,,0.0,20.28,415.66,277.51,117.87,Wire Transfer,NONE,Delivered,0.2,83.13,519.07
O10020,2024-08-21,North America,Online,Mid-Market,C1135,M. Garcia,Hardware,"Monitor 27""",1,333.51,333.51,0.1,33.35,11.65,300.16,217.82,70.69,Invoice,Q1SAVE,Delivered,0.07,21.01,332.82
O10227,2024-08-24,North America,Retail,SMB,C1034,R. Khan,Hardware,Webcam HD,1,525.2,525.2,0.08,42.02,10.56,483.18,355.75,116.87,Invoice,BULK10,Refunded,0.07,33.82,527.56
O10173,2024-09-02,North America,Retail,Mid-Market,C1102,M. Garcia,Services,Extended Warranty,1,639.0,639.0,0.01,6.39,19.52,632.61,195.07,418.02,PayPal,BULK10,Delivered,0.07,44.28,696.41
O10045,2024-09-03,Europe,Partner,SMB,C1098,S. Johnson,Accessories,USB-C Hub,1,40.1,40.1,0.07,2.81,13.54,37.29,20.63,3.12,Invoice,BULK10,Delivered,0.2,7.46,58.29
O10232,2024-09-03,Europe,Partner,Mid-Market,C1181,S. Johnson,Accessories,USB-C Hub,1,42.65,42.65,0.0,0.0,16.91,42.65,19.82,5.92,Wire Transfer,NONE,Delivered,0.2,8.53,68.09
O10158,2024-09-09,North America,Marketplace,Mid-Market,C1082,S. Johnson,Accessories,Laptop Sleeve,1,50.97,50.97,0.14,7.14,11.96,43.83,21.2,10.67,Wire Transfer,BULK10,Delivered,0.07,3.07,58.86
O10250,2024-09-10,Europe,Online,Mid-Market,C1108,L. Brown,Services,Installation,2,663.32,1326.64,0.06,79.6,3.0,1247.04,390.73,853.31,Credit Card,BULK10,Delivered,0.2,249.41,1499.45
O10081,2024-09-10,North America,Online,Mid-Market,C1030,M. Garcia,Services,Training Pack,2,502.57,1005.14,0.04,40.21,3.0,964.93,419.33,542.6,Credit Card,Q1SAVE,Delivered,0.07,67.55,1035.48
O10098,2024-09-10,APAC,Online,SMB,C1003,A. Patel,Services,Extended Warranty,4,565.95,2263.8,0.0,0.0,3.0,2263.8,614.28,1646.52,Wire Transfer,NONE,Delivered,0.1,226.38,2493.18
O10160,2024-09-12,LATAM,Retail,SMB,C1135,A. Patel,Software,Project Tracker,1,323.44,323.44,0.02,6.47,23.99,316.97,85.03,207.95,Invoice,LOYAL5,Delivered,0.15,47.55,388.51
O10014,2024-09-15,North America,Online,SMB,C1117,S. Johnson,Software,Project Tracker,1,336.6,336.6,0.0,0.0,17.77,336.6,82.17,236.66,Credit Card,NONE,Delivered,0.07,23.56,377.93
O10075,2024-09-19,APAC,Marketplace,SMB,C1072,J. Chen,Accessories,Laptop Sleeve,2,49.41,98.82,0.03,2.96,25.3,95.86,46.36,24.2,PayPal,Q1SAVE,Delivered,0.1,9.59,130.75
O10201,2024-09-20,Europe,Online,SMB,C1190,R. Khan,Accessories,USB-C Hub,5,42.09,210.45,0.07,14.73,28.31,195.72,108.29,59.12,Credit Card,BULK10,Delivered,0.2,39.14,263.17
O10029,2024-09-24,Europe,Online,SMB,C1062,J. Chen,Accessories,Keyboard,2,75.58,151.16,0.0,0.0,29.68,151.16,71.89,49.59,,NONE,Delivered,0.2,30.23,211.07
O10209,2024-09-25,North America,Online,Mid-Market,C1080,S. Johnson,Software,Security Suite,1,135.36,135.36,0.04,5.41,18.37,129.95,19.92,91.66,Invoice,SPRING15,Delivered,0.07,9.1,157.42
O10228,2024-09-28,Europe,Marketplace,SMB,C1194,L. Brown,Accessories,USB-C Hub,2,39.54,79.08,0.13,10.28,3.0,68.8,38.07,27.73,Credit Card,BULK10,Delivered,0.2,13.76,85.56
O10110,2024-10-03,North America,Online,Mid-Market,C1144,L. Brown,Services,Extended Warranty,2,674.0,1348.0,0.12,161.76,4.43,1186.24,365.78,816.03,Credit Card,SPRING15,Delivered,0.07,83.04,1273.71
O10129,2024-10-03,LATAM,Marketplace,SMB,C1003,L. Brown,Software,Project Tracker,2,339.04,678.08,0.03,20.34,19.68,657.74,176.45,461.61,Invoice,BULK10,Delivered,0.15,98.66,776.08
O10149,2024-10-06,Europe,Retail,Mid-Market,C1090,M. Garcia,Accessories,Keyboard,2,74.79,149.58,0.07,10.47,6.78,139.11,73.51,58.82,Credit Card,Q1SAVE,Delivered,0.2,27.82,173.71
O10052,2024-10-06,North America,Marketplace,Mid-Market,C1026,R. Khan,Hardware,"Monitor 27""",3,454.92,1364.76,0.0,0.0,17.66,1364.76,950.77,396.33,Invoice,NONE,Delivered,0.07,95.53,1477.95
O10126,2024-10-09,Europe,Online,SMB,C1128,S. Johnson,Accessories,Keyboard,1,62.91,62.91,0.09,5.66,5.39,57.25,30.25,21.61,Invoice,Q1SAVE,Delivered,0.2,11.45,74.09
O10013,2024-10-09,Europe,Retail,Enterprise,C1080,R. Khan,Software,Security Suite,3,172.16,516.48,0.07,36.15,26.92,480.33,73.62,379.79,Credit Card,Q1SAVE,Delivered,0.2,96.07,603.32
O10131,2024-10-10,APAC,Marketplace,Enterprise,C1022,M. Garcia,Software,Project Tracker,2,313.75,627.5,0.0,0.0,7.92,627.5,159.92,459.66,PayPal,NONE,Refunded,0.1,62.75,698.17
O10237,2024-10-11,APAC,Retail,Enterprise,C1148,A. Patel,Software,Project Tracker,1,352.09,352.09,0.03,10.56,3.0,341.53,91.62,246.91,Credit Card,LOYAL5,Delivered,0.1,34.15,378.68
O10167,2024-10-14,Europe,Retail,SMB,C1062,J. Chen,Services,Premium Support,3,154.9,464.7,0.0,0.0,15.54,464.7,91.07,358.09,Invoice,NONE,Delivered,0.2,92.94,573.18
O10249,2024-10-15,North America,Retail,SMB,C1033,M. Garcia,Hardware,"Monitor 27""",4,424.64,1698.56,,0.0,20.74,1698.56,1121.69,556.13,Credit Card,NONE,Delivered,0.07,118.9,1838.2
O10051,2024-10-20,LATAM,Marketplace,Mid-Market,C1006,A. Patel,Services,Installation,1,762.3,762.3,0.06,45.74,12.76,716.56,224.52,479.28,Credit Card,SPRING15,Delivered,0.15,107.48,836.8
O10074,2024-10-24,Europe,Online,Mid-Market,C1034,Unassigned,Hardware,"Monitor 27""",1,429.51,429.51,0.09,38.66,18.31,390.85,283.64,88.9,Wire Transfer,LOYAL5,Delivered,0.2,78.17,487.33
O10152,2024-10-28,Europe,Online,SMB,C1056,S. Johnson,Accessories,Laptop Sleeve,3,48.09,144.27,0.09,12.98,26.35,131.29,63.5,41.44,Credit Card,BULK10,Delivered,0.2,26.26,183.9
O10080,2024-10-30,LATAM,Online,Mid-Market,C1053,J. Chen,Services,Installation,2,842.01,1684.02,0.14,235.76,3.0,1448.26,453.78,991.48,Invoice,Q1SAVE,Delivered,0.15,217.24,1668.5
O10198,2024-10-31,APAC,Marketplace,Mid-Market,C1139,L. Brown,Accessories,Laptop Sleeve,1,48.49,48.49,0.0,0.0,11.63,48.49,19.94,16.92,Credit Card,NONE,Delivered,0.1,4.85,64.97
O10195,2024-11-09,APAC,Online,SMB,C1126,J. Chen,Hardware,"Monitor 27""",2,405.32,810.64,0.04,32.43,16.39,778.21,564.74,197.08,Credit Card,BULK10,Delivered,0.1,77.82,872.42
O10018,2024-11-13,Europe,Online,Mid-Market,C1082,M. Garcia,Software,Project Tracker,1,319.57,319.57,0.0,0.0,24.37,319.57,83.16,212.04,Invoice,NONE,Delivered,0.2,63.91,407.85
O10183,2024-11-16,Europe,Retail,Mid-Market,C1024,A. Patel,Accessories,Keyboard,1,69.6,69.6,0.08,5.57,27.3,64.03,33.83,2.9,Invoice,Q1SAVE,Refunded,0.2,12.81,104.14
O10166,2024-11-18,North America,Retail,Enterprise,C1072,J. Chen,Hardware,"Monitor 27""",2,367.69,735.38,0.03,22.06,3.0,713.32,517.65,192.67,Credit Card,BULK10,Delivered,0.07,49.93,766.25
O10161,2024-11-18,Europe,Online,SMB,C1021,A. Patel,Accessories,Laptop Sleeve,1,49.08,49.08,0.04,1.96,29.91,47.12,22.79,-5.58,Credit Card,SPRING15,Delivered,0.2,9.42,86.45
O10259,2024-11-20,Europe,Retail,SMB,C1100,S. Johnson,Accessories,Laptop Sleeve,1,51.7,51.7,0.0,0.0,9.23,51.7,22.25,20.22,Invoice,NONE,Delivered,0.2,10.34,71.27
O10060,2024-11-21,APAC,Online,Mid-Market,C1114,J. Chen,Accessories,Laptop Sleeve,4,50.48,201.92,0.11,22.21,24.67,179.71,86.92,68.12,Invoice,SPRING15,Delivered,0.1,17.97,222.35
O10004,2024-11-26,North America,Online,SMB,C1150,L. Brown,Software,Project Tracker,1,322.89,322.89,0.1,32.29,17.09,290.6,77.96,195.55,PayPal,SPRING15,Delivered,0.07,20.34,328.03
O10105,2024-12-03,APAC,Retail,SMB,C1041,M. Garcia,Accessories,Keyboard,3,79.34,238.02,0.14,33.32,5.18,204.7,108.17,91.35,Invoice,Q1SAVE,Delivered,0.1,20.47,230.35
O10070,2024-12-03,APAC,Marketplace,SMB,C1018,A. Patel,Software,Project Tracker,1,328.24,328.24,0.13,42.67,16.11,285.57,76.61,192.85,Credit Card,Q1SAVE,Delivered,0.1,28.56,330.24
O10003,2024-12-05,North America,Retail,Mid-Market,C1029,R. Khan,Hardware,"Monitor 27""",2,472.99,945.98,0.0,0.0,20.68,945.98,672.76,252.54,Invoice,NONE,Delivered,0.07,66.22,1032.88
O10247,2024-12-06,Europe,Retail,SMB,C1144,S. Johnson,Hardware,Webcam HD,1,545.99,545.99,0.0,0.0,10.46,545.99,389.93,145.6,Credit Card,NONE,Delivered,0.2,109.2,665.65
O10197,2024-12-07,APAC,Online,SMB,C1054,S. Johnson,Software,Project Tracker,1,379.89,379.89,0.0,0.0,14.5,379.89,87.64,277.75,Credit Card,NONE,Delivered,0.1,37.99,432.38
O10077,2024-12-11,APAC,Online,SMB,C1143,M. Garcia,Hardware,Webcam HD,2,525.94,1051.88,0.04,42.08,11.07,1009.8,743.47,255.26,PayPal,BULK10,Delivered,0.1,100.98,1121.85
O10215,2024-12-11,North America,Marketplace,SMB,C1120,M. Garcia,Services,Installation,3,754.95,2264.85,0.0,0.0,3.0,2264.85,617.38,1644.47,Credit Card,NONE,Delivered,0.07,158.54,2426.39
O10064,2024-12-11,Europe,Online,Enterprise,C1011,A. Patel,Services,Training Pack,2,414.11,828.22,0.05,41.41,5.485000000000000,786.81,341.92,439.4,,Q1SAVE,Delivered,0.2,157.36,949.66
O10006,2024-12-13,Europe,Online,SMB,C1104,L. Brown,Software,Analytics Pro,1,239.4,239.4,0.0,0.0,28.99,239.4,57.69,152.72,Credit Card,NONE,Delivered,0.2,47.88,316.27
O10062,2024-12-14,Europe,Retail,SMB,C1009,A. Patel,Software,Project Tracker,0,0.0,0.0,0.0,0.0,0.0,0.0,0.0,0.0,,NONE,Cancelled,0.2,0.0,0.0
O10150,2024-12-14,North America,Online,Mid-Market,C1070,L. Brown,Software,Project Tracker,4,350.13,1400.52,0.0,0.0,22.96,1400.52,326.87,1050.69,Credit Card,NONE,Delivered,0.07,98.04,1521.52
O10207,2024-12-15,Europe,Retail,SMB,C1089,A. Patel,Services,Premium Support,2,127.36,254.72,0.0,0.0,3.0,254.72,50.45,201.27,Invoice,NONE,Delivered,0.2,50.94,308.66
O10189,2024-12-19,North America,Online,SMB,C1159,A. Patel,Software,Security Suite,1,157.91,157.91,0.01,1.58,20.21,156.33,23.96,112.16,Credit Card,LOYAL5,Delivered,0.07,10.94,187.48
O10251,2024-12-22,LATAM,Online,SMB,C1116,A. Patel,Software,Analytics Pro,5,251.82,1259.1,0.08,100.73,26.03,1158.37,313.63,818.71,Credit Card,BULK10,Delivered,0.15,173.76,1358.16
O10015,2024-12-24,Europe,Online,SMB,C1011,J. Chen,Accessories,Wireless Mouse,1,64.85,64.85,0.13,8.43,18.11,56.42,32.0,6.31,Wire Transfer,Q1SAVE,Delivered,0.2,11.28,85.81
O10123,2024-12-30,APAC,Online,Mid-Market,C1135,J. Chen,Hardware,Webcam HD,0,0.0,0.0,0.0,0.0,0.0,0.0,0.0,0.0,,NONE,Cancelled,0.1,0.0,0.0
O10210,2025-01-04,Europe,Partner,Mid-Market,C1067,S. Johnson,Services,Installation,1,724.99,724.99,0.0,0.0,3.0,724.99,206.71,515.28,Credit Card,NONE,Delivered,0.2,145.0,872.99
O10145,2025-01-07,Europe,Retail,SMB,C1171,R. Khan,Services,Installation,1,611.71,611.71,0.0,0.0,7.57,611.71,174.42,429.72,Credit Card,NONE,Delivered,0.2,122.34,741.62
O10021,2025-01-08,North America,Marketplace,Mid-Market,C1004,A. Patel,Accessories,Wireless Mouse,4,63.98,255.92,0.06,15.36,19.86,240.56,136.43,84.27,Credit Card,Q1SAVE,Delivered,0.07,16.84,277.26
O10119,2025-01-09,Europe,Online,SMB,C1075,A. Patel,Software,Analytics Pro,5,252.23,1261.15,0.05,63.06,29.29,1198.09,324.39,844.41,Credit Card,SPRING15,Delivered,0.2,239.62,1467.0
O10012,2025-01-11,LATAM,Retail,SMB,C1084,S. Johnson,Accessories,Laptop Sleeve,2,46.69,93.38,0.0,0.0,18.81,93.38,43.36,31.21,Credit Card,NONE,Delivered,0.15,14.01,126.2
O10040,2025-01-19,Europe,Online,Enterprise,C1134,A. Patel,Accessories,Laptop Sleeve,3,43.72,131.16,0.11,14.43,27.48,116.73,56.46,32.79,Wire Transfer,Q1SAVE,Delivered,0.2,23.35,167.56
O10011,2025-01-19,North America,Online,SMB,C1192,S. Johnson,Accessories,Wireless Mouse,1,70.89,70.89,0.0,0.0,23.65,70.89,34.18,13.06,Credit Card,NONE,Delivered,0.07,4.96,99.5
O10170,2025-01-20,APAC,Marketplace,SMB,C1164,M. Garcia,Services,Premium Support,4,142.33,569.32,0.0,0.0,6.1,569.32,111.57,451.65,PayPal,NONE,Delivered,0.1,56.93,632.35
O10031,2025-01-20,North America,Online,Mid-Market,C1161,M. Garcia,Services,Installation,2,650.86,1301.72,0.14,182.24,3.0,1119.48,350.76,765.72,Credit Card,BULK10,Delivered,0.07,78.36,1200.84
O10032,2025-01-21,APAC,Online,SMB,C1161,L. Brown,Accessories,Keyboard,1,55.02,55.02,0.0,0.0,13.07,55.02,25.88,16.07,PayPal,NONE,Delivered,0.1,5.5,73.59
O10112,2025-01-26,APAC,Retail,Mid-Market,C1119,S. Johnson,Services,Training Pack,1,471.6,471.6,0.0,0.0,11.9,471.6,184.45,275.25,PayPal,NONE,Delivered,0.1,47.16,530.66
O10219,2025-01-27,North America,Online,SMB,C1078,L. Brown,Services,Extended Warranty,1,628.39,628.39,0.14,87.97,11.21,540.42,166.64,362.57,PayPal,BULK10,Delivered,0.07,37.83,589.46
O10172,2025-01-27,Europe,Retail,SMB,C1174,L. Brown,Services,Premium Support,1,146.23,146.23,0.03,4.39,3.0,141.84,29.57,109.27,Wire Transfer,SPRING15,Delivered,0.2,28.37,173.21
O10109,2025-02-01,APAC,Marketplace,SMB,C1167,A. Patel,Hardware,Docking Station,1,156.48,156.48,0.0,0.0,7.37,156.48,92.62,56.49,PayPal,NONE,Delivered,0.1,15.65,179.5
O10185,2025-02-03,APAC,Online,Enterprise,C1064,S. Johnson,Services,Installation,5,738.76,3693.8,0.05,184.69,3.52,3509.11,1099.49,2406.1,Credit Card,Q1SAVE,Delivered,0.1,350.91,3863.54
O10115,2025-02-04,North America,Online,Mid-Market,C1161,M. Garcia,Software,CRM Starter,4,440.79,1763.16,0.0,0.0,28.03,1763.16,372.15,1362.98,Invoice,NONE,Delivered,0.07,123.42,1914.61
O10050,2025-02-04,Europe,Marketplace,SMB,C1147,S. Johnson,Accessories,Keyboard,2,75.26,150.52,0.04,6.02,19.33,144.5,76.36,48.81,Invoice,BULK10,Refunded,0.2,28.9,192.73
O10063,2025-02-06,North America,Online,Mid-Market,C1119,L. Brown,Software,CRM Starter,1,399.29,399.29,0.01,3.99,22.54,395.3,86.02,286.74,PayPal,,Delivered,0.07,27.67,445.51
O10041,2025-02-06,North America,Marketplace,Mid-Market,C1097,R. Khan,Hardware,Docking Station,2,155.85,311.7,0.0,0.0,25.9,311.7,184.5,101.3,,NONE,Delivered,0.07,21.82,359.42
O10090,2025-02-07,North America,Partner,Enterprise,C1148,L. Brown,Software,Project Tracker,2,385.51,771.02,0.03,23.13,17.68,747.89,200.63,529.58,Credit Card,Q1SAVE,Refunded,0.07,52.35,817.92
O10178,2025-02-11,North America,Partner,SMB,C1103,J. Chen,Hardware,Portable SSD,1,102.15,102.15,0.0,0.0,31.93,102.15,69.53,0.69,Invoice,NONE,Delivered,0.07,7.15,141.23
O10017,2025-02-14,Europe,Online,Mid-Market,C1027,A. Patel,Services,Extended Warranty,1,538.7,538.7,0.0,0.0,3.0,538.7,147.84,387.86,Credit Card,NONE,Delivered,0.2,107.74,649.44
O10073,2025-02-18,APAC,Marketplace,Mid-Market,C1182,S. Johnson,Services,Installation,2,693.56,1387.12,,0.0,3.0,1387.12,404.2,979.92,Invoice,NONE,Delivered,0.1,138.71,1528.83
O10044,2025-02-19,Europe,Online,Enterprise,C1061,S. Johnson,Accessories,Laptop Sleeve,4,51.26,205.04,0.06,12.3,11.33,192.74,93.22,88.19,Invoice,Q1SAVE,Delivered,0.2,38.55,242.62
O10095,2025-02-23,Europe,Retail,Mid-Market,C1158,A. Patel,Accessories,Keyboard,2,77.04,154.08,0.14,21.57,33.5,132.51,70.02,28.99,,BULK10,Delivered,0.2,26.5,192.51
O10096,2025-02-25,North America,Partner,SMB,C1046,R. Khan,Software,Analytics Pro,1,247.98,247.98,0.03,7.44,18.57,240.54,65.13,156.84,Credit Card,BULK10,Delivered,0.07,16.84,275.95
O10246,2025-03-07,APAC,Online,SMB,C1087,L. Brown,Software,Security Suite,1,145.28,145.28,0.0,0.0,25.41,145.28,21.82,98.05,Credit Card,NONE,Delivered,0.1,14.53,185.22
O10235,2025-03-10,North America,Online,SMB,C1031,R. Khan,Accessories,Laptop Sleeve,1,49.19,49.19,0.1,4.92,22.83,44.27,21.41,0.03,Wire Transfer,SPRING15,Delivered,0.07,3.1,70.2
O10125,2025-03-13,North America,Retail,Mid-Market,C1021,S. Johnson,Accessories,Wireless Mouse,1,68.92,68.92,0.0,0.0,14.68,68.92,37.91,16.33,Credit Card,NONE,Delivered,0.07,4.82,88.42
O10046,2025-03-14,LATAM,Marketplace,SMB,C1028,R. Khan,Software,Project Tracker,2,322.68,645.36,0.0,0.0,24.62,645.36,161.01,459.73,,NONE,Delivered,0.15,96.8,766.78
O10257,2025-03-17,North America,Partner,Mid-Market,C1158,A. Patel,Services,Training Pack,4,415.87,1663.48,0.04,66.54,7.85,1596.94,693.98,895.11,PayPal,SPRING15,Delivered,0.07,111.79,1716.58
O10027,2025-03-17,LATAM,Partner,Mid-Market,C1121,A. Patel,Software,Security Suite,5,172.79,863.95,0.03,25.92,18.33,838.03,128.45,691.25,Credit Card,Q1SAVE,Delivered,0.15,125.7,982.06
O10200,2025-03-19,APAC,Online,Mid-Market,C1027,L. Brown,Accessories,Keyboard,1,74.34,74.34,0.0,0.0,6.51,74.34,33.0,34.83,,NONE,Delivered,0.1,7.43,88.28
O10230,2025-03-22,Europe,Retail,Mid-Market,C1038,R. Khan,Services,Premium Support,2,139.67,279.34,0.0,0.0,8.92,279.34,57.07,213.35,Credit Card,NONE,Delivered,0.2,55.87,344.13
O10082,2025-03-28,North America,Online,Enterprise,C1082,A. Patel,Software,Analytics Pro,1,261.14,261.14,0.1,26.11,11.23,235.03,63.63,160.17,,SPRING15,Delivered,0.07,16.45,262.71
O10242,2025-03-28,APAC,Online,SMB,C1159,M. Garcia,Accessories,Laptop Sleeve,1,52.58,52.58,0.0,0.0,24.45,52.58,23.39,4.74,Credit Card,NONE,Delivered,0.1,5.26,82.29
O10133,2025-03-28,North America,Marketplace,SMB,C1180,A. Patel,Accessories,Laptop Sleeve,1,49.35,49.35,0.05,2.47,11.42,46.88,22.67,12.79,Credit Card,SPRING15,Delivered,0.07,3.28,61.58
O10016,2025-03-31,North America,Online,Mid-Market,C1046,M. Garcia,Software,Security Suite,1,195.56,195.56,0.0,0.0,19.265,195.56,28.18,148.12,Invoice,NONE,Delivered,0.07,13.69,228.52
O10117,2025-04-04,LATAM,Online,SMB,C1087,S. Johnson,Hardware,Docking Station,1,138.59,138.59,0.06,8.32,25.59,130.27,84.73,19.95,Credit Card,Q1SAVE,Delivered,0.15,19.54,175.4
O10061,2025-04-08,Europe,Online,SMB,C1059,M. Garcia,Software,CRM Starter,1,567.18,567.18,0.0,0.0,14.67,567.18,111.08,441.43,Credit Card,NONE,Delivered,0.2,113.44,695.29
O10118,2025-04-14,LATAM,Partner,Mid-Market,C1160,L. Brown,Software,Security Suite,4,161.19,644.76,0.05,32.24,23.31,612.52,93.88,495.33,Credit Card,SPRING15,Delivered,0.15,91.88,727.71
O10186,2025-04-15,APAC,Retail,Mid-Market,C1130,S. Johnson,Hardware,Webcam HD,2,520.43,1040.86,0.03,31.23,21.32,1009.63,743.35,244.96,Invoice,LOYAL5,Refunded,0.1,100.96,1131.91
O10023,2025-04-16,APAC,Online,Enterprise,C1145,L. Brown,Services,Extended Warranty,1,645.76,645.76,0.05,32.29,10.87,613.47,189.16,413.44,,Q1SAVE,Delivered,0.1,61.35,685.69
O10102,2025-04-17,North America,Retail,Enterprise,C1021,L. Brown,Services,Training Pack,1,431.73,431.73,0.0,0.0,13.08,431.73,180.11,238.54,Credit Card,NONE,Delivered,0.07,30.22,475.03
O10007,2025-04-17,North America,Retail,SMB,C1163,S. Johnson,Accessories,Keyboard,2,73.68,147.36,0.02,2.95,12.09,144.41,76.31,56.01,Invoice,LOYAL5,Delivered,0.07,10.11,166.61
O10071,2025-04-17,Europe,Online,SMB,C1073,L. Brown,Accessories,USB-C Hub,1,45.14,45.14,0.05,2.26,4.62,42.88,23.72,14.54,Credit Card,SPRING15,Delivered,0.2,8.58,56.08
O10245,2025-04-18,APAC,Online,SMB,C1084,M. Garcia,Hardware,"Monitor 27""",4,422.33,1689.32,0.0,0.0,3.0,1689.32,1176.88,509.44,,NONE,Delivered,0.1,168.93,1861.25
O10216,2025-04-18,Europe,Online,SMB,C1058,S. Johnson,Hardware,"Monitor 27""",1,419.78,419.78,0.05,20.99,15.12,398.79,289.4,94.27,Invoice,Q1SAVE,Delivered,0.2,79.76,493.67
O10143,2025-04-21,APAC,Online,Mid-Market,C1044,J. Chen,Software,Security Suite,2,171.05,342.1,0.04,13.68,21.03,328.42,50.34,257.05,Invoice,BULK10,Delivered,0.1,32.84,382.29
O10176,2025-04-21,LATAM,Online,SMB,C1136,A. Patel,Accessories,Keyboard,1,72.38,72.38,0.04,2.9,23.68,69.48,36.71,9.09,Invoice,BULK10,Delivered,0.15,10.42,103.58
O10132,2025-04-25,Europe,Marketplace,SMB,C1123,S. Johnson,Accessories,Laptop Sleeve,1,43.44,43.44,0.02,0.87,15.84,42.57,20.59,6.14,Credit Card,Q1SAVE,Delivered,0.2,8.51,66.92
O10226,2025-05-02,Europe,Partner,SMB,C1168,M. Garcia,Accessories,USB-C Hub,5,38.11,190.55,0.0,0.0,30.14,190.55,102.26,58.15,Credit Card,NONE,Delivered,0.2,38.11,258.8
O10068,2025-05-03,Europe,Online,SMB,C1160,J. Chen,Hardware,Webcam HD,0,0.0,0.0,0.0,0.0,0.0,0.0,0.0,0.0,,NONE,Cancelled,0.2,0.0,0.0
O10169,2025-05-04,APAC,Online,Mid-Market,C1057,R. Khan,Software,Analytics Pro,1,251.88,251.88,0.0,0.0,11.93,251.88,62.74,177.21,PayPal,NONE,Delivered,0.1,25.19,289.0
O10026,2025-05-11,Europe,Online,SMB,C1022,M. Garcia,Software,Analytics Pro,1,244.97,244.97,0.07,17.15,24.81,227.82,61.68,141.33,Invoice,Q1SAVE,Delivered,0.2,45.56,298.19
O10151,2025-05-11,APAC,Online,SMB,C1128,M. Garcia,Software,Project Tracker,1,354.85,354.85,0.13,46.13,19.5,308.72,82.82,206.4,Credit Card,BULK10,Delivered,0.1,30.87,359.09
O10111,2025-05-18,Europe,Marketplace,SMB,C1083,A. Patel,Software,CRM Starter,3,437.18,1311.54,0.0,0.0,11.24,1311.54,279.68,1020.62,Invoice,NONE,Delivered,0.2,262.31,1585.09
O10180,2025-05-20,APAC,Marketplace,Mid-Market,C1100,L. Brown,Services,Extended Warranty,2,555.35,1110.7,0.0,0.0,10.91,1110.7,325.36,774.43,Credit Card,NONE,Delivered,0.1,111.07,1232.68
O10005,2025-05-20,LATAM,Online,SMB,C1135,M. Garcia,Software,Project Tracker,1,345.75,345.75,0.0,0.0,18.58,345.75,79.77,247.4,,NONE,Delivered,0.15,51.86,416.19
O10030,2025-05-24,APAC,Online,SMB,C1029,L. Brown,Accessories,Laptop Sleeve,1,50.31,50.31,0.22,11.07,13.95,39.24,18.98,6.31,Wire Transfer,,Delivered,0.1,3.92,57.11
O10101,2025-05-24,North America,Partner,Mid-Market,C1127,R. Khan,Services,Installation,6,701.21,4207.26,0.1,420.73,12.19,3786.53,1186.41,2587.93,Wire Transfer,LOYAL5,Delivered,0.07,265.06,4063.78
O10054,2025-05-25,APAC,Online,SMB,C1062,S. Johnson,Hardware,Portable SSD,3,116.12,348.36,0.09,31.35,22.96,317.01,234.53,59.52,Credit Card,Q1SAVE,Delivered,0.1,31.7,371.67
O10065,2025-05-25,North America,Online,Mid-Market,C1084,A. Patel,Services,Installation,6,663.39,3980.34,0.07,278.62,3.0,3701.72,1159.84,2538.88,Credit Card,SPRING15,Delivered,0.07,259.12,3963.84
O10138,2025-05-26,Europe,Online,SMB,C1165,M. Garcia,Services,Premium Support,1,156.4,156.4,0.0,0.0,3.0,156.4,30.98,122.42,Invoice,NONE,Refunded,0.2,31.28,190.68
O10184,2025-05-26,APAC,Retail,SMB,C1112,M. Garcia,Accessories,USB-C Hub,2,43.9,87.8,0.08,7.02,31.12,80.78,44.69,4.97,Wire Transfer,Q1SAVE,Delivered,0.1,8.08,119.98
O10221,2025-05-27,North America,Online,SMB,C1110,L. Brown,Software,Analytics Pro,1,246.55,246.55,0.09,22.19,25.74,224.36,60.75,137.87,Credit Card,Q1SAVE,Delivered,0.07,15.71,265.81
O10260,2025-05-30,APAC,Online,SMB,C1068,J. Chen,Software,Security Suite,2,146.85,293.7,0.01,2.94,14.61,290.76,44.56,231.59,Credit Card,Q1SAVE,Delivered,0.1,29.08,334.45
O10134,2025-05-30,Europe,Retail,SMB,C1078,S. Johnson,Services,Premium Support,1,162.18,162.18,0.0,0.0,8.84,162.18,32.46,120.88,Credit Card,NONE,Delivered,0.2,32.44,203.46
O10146,2025-06-01,North America,Retail,SMB,C1101,S. Johnson,Hardware,Portable SSD,2,90.71,181.42,0.0,0.0,12.27,181.42,122.14,47.01,Invoice,NONE,Delivered,0.07,12.7,206.39
O10253,2025-06-05,Europe,Retail,SMB,C1127,R. Khan,Services,Training Pack,1,463.21,463.21,0.11,50.95,15.69,412.26,179.16,217.41,Wire Transfer,LOYAL5,Delivered,0.2,82.45,510.4
O10179,2025-06-08,APAC,Marketplace,Mid-Market,C1194,R. Khan,Services,Extended Warranty,1,594.83,594.83,0.04,23.79,6.22,571.04,176.08,388.74,Credit Card,SPRING15,Delivered,0.1,57.1,634.36
O10177,2025-06-21,North America,Retail,Mid-Market,C1070,S. Johnson,Services,Extended Warranty,3,626.17,1878.51,0.12,225.42,16.19,1653.09,509.73,1127.17,PayPal,SPRING15,Delivered,0.07,115.72,1785.0
O10135,2025-06-30,North America,Partner,SMB,C1095,S. Johnson,Accessories,Laptop Sleeve,2,51.57,103.14,0.0,0.0,17.8,103.14,45.4,39.94,Wire Transfer,NONE,Delivered,0.07,7.22,128.16
O10069,2025-07-04,Europe,Online,SMB,C1043,M. Garcia,Accessories,USB-C Hub,1,41.41,41.41,0.11,4.56,24.87,36.85,20.39,-8.41,Credit Card,Q1SAVE,Delivered,0.2,7.37,69.09
O10248,2025-07-04,North America,Retail,SMB,C1087,M. Garcia,Software,Project Tracker,1,315.15,315.15,0.0,0.0,16.61,315.15,82.85,215.69,Invoice,NONE,Delivered,0.07,22.06,353.82
O10002,2025-07-09,APAC,Online,Mid-Market,C1020,R. Khan,Accessories,Wireless Mouse,1,70.55,70.55,0.03,2.12,14.75,68.43,38.81,14.87,Invoice,SPRING15,Delivered,0.1,6.84,90.02
O10224,2025-07-13,LATAM,Partner,SMB,C1124,A. Patel,Software,Security Suite,1,164.72,164.72,0.09,14.82,31.38,149.9,22.98,95.54,Invoice,Q1SAVE,Delivered,0.15,22.48,203.76
O10124,2025-07-16,North America,Online,SMB,C1049,J. Chen,Services,Premium Support,1,120.46,120.46,0.0,0.0,3.0,120.46,23.61,93.85,Credit Card,NONE,Delivered,0.07,8.43,131.89
O10028,2025-07-17,APAC,Online,SMB,C1034,M. Garcia,Hardware,Webcam HD,1,473.0,473.0,0.06,28.38,24.66,444.62,327.36,92.6,Invoice,Q1SAVE,Delivered,0.1,44.46,513.74
O10164,2025-07-19,Europe,Marketplace,SMB,C1042,S. Johnson,Accessories,Laptop Sleeve,1,49.9,49.9,0.0,0.0,15.74,49.9,20.75,13.41,Invoice,NONE,Delivered,0.2,9.98,75.62
O10038,2025-07-19,APAC,Online,SMB,C1060,S. Johnson,Accessories,Keyboard,5,75.63,378.15,0.03,11.34,13.97,366.81,193.83,159.01,Credit Card,SPRING15,Delivered,0.1,36.68,417.46
O10165,2025-07-23,North America,Online,SMB,C1057,S. Johnson,Software,Project Tracker,1,323.44,323.44,0.07,22.64,21.98,300.8,80.69,198.13,Wire Transfer,SPRING15,Delivered,0.07,21.06,343.84
O10196,2025-07-23,LATAM,Retail,SMB,C1110,R. Khan,Services,Training Pack,1,477.04,477.04,0.0,0.0,9.21,477.04,186.58,281.25,Credit Card,NONE,Delivered,0.15,71.56,557.81
O10078,2025-07-25,Europe,Retail,SMB,C1150,J. Chen,Software,Security Suite,1,177.51,177.51,0.0,0.0,16.34,177.51,24.76,136.41,Credit Card,NONE,Delivered,0.2,35.5,229.35
O10203,2025-07-25,Europe,Online,SMB,C1189,M. Garcia,Accessories,Laptop Sleeve,2,46.2,92.4,0.0,0.0,22.16,92.4,37.99,32.25,Invoice,NONE,Delivered,0.2,18.48,133.04
O10191,2025-07-28,North America,Online,SMB,C1064,M. Garcia,Services,Training Pack,3,447.78,1343.34,0.04,53.73,16.5,1289.61,560.43,712.68,Credit Card,BULK10,Delivered,0.07,90.27,1396.38
O10108,2025-08-02,Europe,Marketplace,SMB,C1160,J. Chen,Accessories,Keyboard,1,79.64,79.64,0.0,0.0,8.7,79.64,38.29,32.65,Credit Card,NONE,Delivered,0.2,15.93,104.27
O10231,2025-08-03,Europe,Marketplace,SMB,C1102,M. Garcia,Software,CRM Starter,1,472.96,472.96,0.0,0.0,7.32,472.96,94.68,370.96,Invoice,NONE,Delivered,0.2,94.59,574.87
O10094,2025-08-09,North America,Marketplace,SMB,C1102,A. Patel,Accessories,USB-C Hub,3,45.74,137.22,,0.0,10.5,137.22,68.33,58.39,PayPal,NONE,Delivered,0.07,9.61,157.33
O10225,2025-08-23,APAC,Partner,Enterprise,C1172,S. Johnson,Accessories,USB-C Hub,1,44.99,44.99,0.0,0.0,20.18,44.99,23.15,1.66,PayPal,NONE,Delivered,0.1,4.5,69.67
O10213,2025-08-26,North America,Online,Enterprise,C1192,M. Garcia,Services,Installation,1,693.92,693.92,0.0,0.0,7.58,693.92,206.55,479.79,Invoice,NONE,Delivered,0.07,48.57,750.07
O10154,2025-08-29,North America,Partner,Mid-Market,C1009,M. Garcia,Accessories,Wireless Mouse,2,66.44,132.88,0.06,7.97,5.96,124.91,70.84,48.11,Wire Transfer,LOYAL5,Delivered,0.07,8.74,139.61
O10022,2025-08-30,LATAM,Online,Mid-Market,C1119,R. Khan,Software,CRM Starter,6,495.95,2975.7,0.0,0.0,23.4,2975.7,628.09,2324.21,Invoice,NONE,Delivered,0.15,446.35,3445.45
O10258,2025-08-30,APAC,Partner,Enterprise,C1188,A. Patel,Accessories,Keyboard,1,78.93,78.93,0.04,3.16,16.54,75.77,40.04,19.19,Credit Card,LOYAL5,Delivered,0.1,7.58,99.89
O10056,2025-08-31,North America,Online,Enterprise,C1142,J. Chen,Hardware,Portable SSD,1,118.65,118.65,0.14,16.61,25.16,102.04,75.49,1.39,Credit Card,SPRING15,Delivered,0.07,7.14,134.34
O10130,2025-08-31,LATAM,Online,Mid-Market,C1193,J. Chen,Accessories,USB-C Hub,1,33.06,33.06,0.04,1.32,23.06,31.74,17.56,-8.88,PayPal,SPRING15,Delivered,0.15,4.76,59.56
O10005-2,2025-05-20,LATAM,Online,SMB,C1135,M. Garcia,Software,Project Tracker,1,345.75,345.75,0.0,0.0,18.58,345.75,79.77,247.4,Wire Transfer,NONE,Delivered,0.15,51.86,416.19